<?xml version="1.0" encoding="UTF-8"?>
<GenRun Id="synth_1" LaunchPart="xc7a100tcsg324-1" LaunchTime="1714999639" LaunchIncrCheckpoint="$PSRCDIR/utils_1/imports/synth_1/ALU_wrapper.dcp">
  <File Type="PA-TCL" Name="ALU_wrapper.tcl"/>
  <File Type="RDS-PROPCONSTRS" Name="ALU_wrapper_drc_synth.rpt"/>
  <File Type="REPORTS-TCL" Name="ALU_wrapper_reports.tcl"/>
  <File Type="RDS-RDS" Name="ALU_wrapper.vds"/>
  <File Type="RDS-UTIL" Name="ALU_wrapper_utilization_synth.rpt"/>
  <File Type="RDS-UTIL-PB" Name="ALU_wrapper_utilization_synth.pb"/>
  <File Type="RDS-DCP" Name="ALU_wrapper.dcp"/>
  <File Type="VDS-TIMINGSUMMARY" Name="ALU_wrapper_timing_summary_synth.rpt"/>
  <File Type="VDS-TIMING-PB" Name="ALU_wrapper_timing_summary_synth.pb"/>
  <FileSet Name="sources" Type="DesignSrcs" RelSrcDir="$PSRCDIR/sources_1" RelGenDir="$PGENDIR/sources_1">
    <Filter Type="Srcs"/>
    <File Path="$PSRCDIR/sources_1/imports/source/ALU.v">
      <FileInfo>
        <Attr Name="ImportPath" Val="//wsl.localhost/Ubuntu-20.04/home/goodkook/ETRI050_DesignKit/devel/Ref_Design/ALU8/source/ALU.v"/>
        <Attr Name="ImportTime" Val="1708824524"/>
        <Attr Name="UsedIn" Val="synthesis"/>
        <Attr Name="UsedIn" Val="implementation"/>
        <Attr Name="UsedIn" Val="simulation"/>
      </FileInfo>
    </File>
    <File Path="$PSRCDIR/sources_1/imports/source/ALU_wrapper.v">
      <FileInfo>
        <Attr Name="ImportPath" Val="//wsl.localhost/Ubuntu-20.04/home/goodkook/ETRI050_DesignKit/devel/Ref_Design/ALU8/source/ALU_wrapper.v"/>
        <Attr Name="ImportTime" Val="1708952430"/>
        <Attr Name="UsedIn" Val="synthesis"/>
        <Attr Name="UsedIn" Val="implementation"/>
        <Attr Name="UsedIn" Val="simulation"/>
      </FileInfo>
    </File>
    <Config>
      <Option Name="DesignMode" Val="RTL"/>
      <Option Name="TopModule" Val="ALU_wrapper"/>
      <Option Name="TopAutoSet" Val="TRUE"/>
    </Config>
  </FileSet>
  <FileSet Name="constrs_in" Type="Constrs" RelSrcDir="$PSRCDIR/constrs_1" RelGenDir="$PGENDIR/constrs_1">
    <Filter Type="Constrs"/>
    <File Path="$PSRCDIR/constrs_1/imports/digilent-xdc-master/Arty-A7-100-Master.xdc">
      <FileInfo>
        <Attr Name="ImportPath" Val="$PPRDIR/../digilent-xdc-master/Arty-A7-100-Master.xdc"/>
        <Attr Name="ImportTime" Val="1713206447"/>
        <Attr Name="UsedIn" Val="synthesis"/>
        <Attr Name="UsedIn" Val="implementation"/>
      </FileInfo>
    </File>
    <Config>
      <Option Name="ConstrsType" Val="XDC"/>
    </Config>
  </FileSet>
  <FileSet Name="utils" Type="Utils" RelSrcDir="$PSRCDIR/utils_1" RelGenDir="$PGENDIR/utils_1">
    <Filter Type="Utils"/>
    <File Path="$PSRCDIR/utils_1/imports/synth_1/ALU_wrapper.dcp">
      <FileInfo>
        <Attr Name="UsedIn" Val="synthesis"/>
        <Attr Name="UsedIn" Val="implementation"/>
        <Attr Name="UsedInSteps" Val="synth_1"/>
        <Attr Name="AutoDcp" Val="1"/>
      </FileInfo>
    </File>
    <Config>
      <Option Name="TopAutoSet" Val="TRUE"/>
    </Config>
  </FileSet>
  <Strategy Version="1" Minor="2">
    <StratHandle Name="Vivado Synthesis Defaults" Flow="Vivado Synthesis 2023">
      <Desc>Vivado Synthesis Defaults</Desc>
    </StratHandle>
    <Step Id="synth_design"/>
  </Strategy>
</GenRun>
