<?xml version="1.0" encoding="UTF-8"?>
<GenRun Id="impl_1" LaunchPart="xc7a100tcsg324-1" LaunchTime="1714999639">
  <File Type="ROUTE-PWR" Name="ALU_wrapper_power_routed.rpt"/>
  <File Type="PA-TCL" Name="ALU_wrapper.tcl"/>
  <File Type="ROUTE-PWR-SUM" Name="ALU_wrapper_power_summary_routed.pb"/>
  <File Type="REPORTS-TCL" Name="ALU_wrapper_reports.tcl"/>
  <File Type="OPT-RQA-PB" Name="ALU_wrapper_rqa_opted.pb"/>
  <File Type="BITSTR-MMI" Name="ALU_wrapper.mmi"/>
  <File Type="OPT-METHODOLOGY-DRC" Name="ALU_wrapper_methodology_drc_opted.rpt"/>
  <File Type="INIT-TIMING" Name="ALU_wrapper_timing_summary_init.rpt"/>
  <File Type="OPT-TIMING" Name="ALU_wrapper_timing_summary_opted.rpt"/>
  <File Type="OPT-DCP" Name="ALU_wrapper_opt.dcp"/>
  <File Type="OPT-DRC" Name="ALU_wrapper_drc_opted.rpt"/>
  <File Type="OPT-HWDEF" Name="ALU_wrapper.hwdef"/>
  <File Type="PWROPT-DCP" Name="ALU_wrapper_pwropt.dcp"/>
  <File Type="PWROPT-DRC" Name="ALU_wrapper_drc_pwropted.rpt"/>
  <File Type="PWROPT-TIMING" Name="ALU_wrapper_timing_summary_pwropted.rpt"/>
  <File Type="PLACE-DCP" Name="ALU_wrapper_placed.dcp"/>
  <File Type="PLACE-IO" Name="ALU_wrapper_io_placed.rpt"/>
  <File Type="PLACE-CLK" Name="ALU_wrapper_clock_utilization_placed.rpt"/>
  <File Type="PLACE-UTIL" Name="ALU_wrapper_utilization_placed.rpt"/>
  <File Type="PLACE-UTIL-PB" Name="ALU_wrapper_utilization_placed.pb"/>
  <File Type="PLACE-CTRL" Name="ALU_wrapper_control_sets_placed.rpt"/>
  <File Type="PLACE-SIMILARITY" Name="ALU_wrapper_incremental_reuse_placed.rpt"/>
  <File Type="PLACE-PRE-SIMILARITY" Name="ALU_wrapper_incremental_reuse_pre_placed.rpt"/>
  <File Type="BG-BIN" Name="ALU_wrapper.bin"/>
  <File Type="PLACE-TIMING" Name="ALU_wrapper_timing_summary_placed.rpt"/>
  <File Type="ROUTE-PWR-RPX" Name="ALU_wrapper_power_routed.rpx"/>
  <File Type="PLACE-RQA-PB" Name="ALU_wrapper_rqa_placed.pb"/>
  <File Type="POSTPLACE-PWROPT-DCP" Name="ALU_wrapper_postplace_pwropt.dcp"/>
  <File Type="BITSTR-MSK" Name="ALU_wrapper.msk"/>
  <File Type="POSTPLACE-PWROPT-TIMING" Name="ALU_wrapper_timing_summary_postplace_pwropted.rpt"/>
  <File Type="PHYSOPT-DCP" Name="ALU_wrapper_physopt.dcp"/>
  <File Type="PHYSOPT-DRC" Name="ALU_wrapper_drc_physopted.rpt"/>
  <File Type="BITSTR-RBT" Name="ALU_wrapper.rbt"/>
  <File Type="PHYSOPT-TIMING" Name="ALU_wrapper_timing_summary_physopted.rpt"/>
  <File Type="ROUTE-ERROR-DCP" Name="ALU_wrapper_routed_error.dcp"/>
  <File Type="ROUTE-DCP" Name="ALU_wrapper_routed.dcp"/>
  <File Type="ROUTE-BLACKBOX-DCP" Name="ALU_wrapper_routed_bb.dcp"/>
  <File Type="ROUTE-DRC" Name="ALU_wrapper_drc_routed.rpt"/>
  <File Type="ROUTE-DRC-PB" Name="ALU_wrapper_drc_routed.pb"/>
  <File Type="ROUTE-DRC-RPX" Name="ALU_wrapper_drc_routed.rpx"/>
  <File Type="ROUTE-METHODOLOGY-DRC" Name="ALU_wrapper_methodology_drc_routed.rpt"/>
  <File Type="ROUTE-METHODOLOGY-DRC-RPX" Name="ALU_wrapper_methodology_drc_routed.rpx"/>
  <File Type="ROUTE-METHODOLOGY-DRC-PB" Name="ALU_wrapper_methodology_drc_routed.pb"/>
  <File Type="ROUTE-RQS-PB" Name="ALU_wrapper_rqs_routed.pb"/>
  <File Type="ROUTE-STATUS" Name="ALU_wrapper_route_status.rpt"/>
  <File Type="ROUTE-STATUS-PB" Name="ALU_wrapper_route_status.pb"/>
  <File Type="ROUTE-TIMINGSUMMARY" Name="ALU_wrapper_timing_summary_routed.rpt"/>
  <File Type="ROUTE-TIMING-PB" Name="ALU_wrapper_timing_summary_routed.pb"/>
  <File Type="ROUTE-TIMING-RPX" Name="ALU_wrapper_timing_summary_routed.rpx"/>
  <File Type="ROUTE-SIMILARITY" Name="ALU_wrapper_incremental_reuse_routed.rpt"/>
  <File Type="ROUTE-CLK" Name="ALU_wrapper_clock_utilization_routed.rpt"/>
  <File Type="ROUTE-BUS-SKEW" Name="ALU_wrapper_bus_skew_routed.rpt"/>
  <File Type="ROUTE-BUS-SKEW-PB" Name="ALU_wrapper_bus_skew_routed.pb"/>
  <File Type="ROUTE-BUS-SKEW-RPX" Name="ALU_wrapper_bus_skew_routed.rpx"/>
  <File Type="POSTROUTE-PHYSOPT-DCP" Name="ALU_wrapper_postroute_physopt.dcp"/>
  <File Type="POSTROUTE-PHYSOPT-BLACKBOX-DCP" Name="ALU_wrapper_postroute_physopt_bb.dcp"/>
  <File Type="POSTROUTE-PHYSOPT-TIMING" Name="ALU_wrapper_timing_summary_postroute_physopted.rpt"/>
  <File Type="POSTROUTE-PHYSOPT-TIMING-PB" Name="ALU_wrapper_timing_summary_postroute_physopted.pb"/>
  <File Type="POSTROUTE-PHYSOPT-TIMING-RPX" Name="ALU_wrapper_timing_summary_postroute_physopted.rpx"/>
  <File Type="POSTROUTE-PHYSOPT-BUS-SKEW" Name="ALU_wrapper_bus_skew_postroute_physopted.rpt"/>
  <File Type="BG-BIT" Name="ALU_wrapper.bit"/>
  <File Type="POSTROUTE-PHYSOPT-BUS-SKEW-PB" Name="ALU_wrapper_bus_skew_postroute_physopted.pb"/>
  <File Type="POSTROUTE-PHYSOPT-BUS-SKEW-RPX" Name="ALU_wrapper_bus_skew_postroute_physopted.rpx"/>
  <File Type="BITSTR-NKY" Name="ALU_wrapper.nky"/>
  <File Type="BITSTR-BMM" Name="ALU_wrapper_bd.bmm"/>
  <File Type="PDI-FILE" Name="ALU_wrapper.pdi"/>
  <File Type="BOOT-PDI-FILE" Name="ALU_wrapper_boot.pdi"/>
  <File Type="PL-PDI-FILE" Name="ALU_wrapper_pld.pdi"/>
  <File Type="RCFI_FILE" Name="ALU_wrapper.rcfi"/>
  <File Type="CFI_FILE" Name="ALU_wrapper.cfi"/>
  <File Type="RNPI_FILE" Name="ALU_wrapper.rnpi"/>
  <File Type="NPI_FILE" Name="ALU_wrapper.npi"/>
  <File Type="RBD_FILE" Name="ALU_wrapper.rbd"/>
  <File Type="BITSTR-LTX" Name="debug_nets.ltx"/>
  <File Type="BITSTR-LTX" Name="ALU_wrapper.ltx"/>
  <File Type="BITSTR-SYSDEF" Name="ALU_wrapper.sysdef"/>
  <File Type="BG-BGN" Name="ALU_wrapper.bgn"/>
  <File Type="BG-DRC" Name="ALU_wrapper.drc"/>
  <File Type="RDI-RDI" Name="ALU_wrapper.vdi"/>
  <File Type="WBT-USG" Name="usage_statistics_webtalk.html"/>
  <File Type="ROUTE-RQS" Name="ALU_wrapper_routed.rqs"/>
  <File Type="POSTROUTE-PHYSOPT-RQS" Name="ALU_wrapper_postroute_physopted.rqs"/>
  <File Type="ROUTE-RQS-RPT" Name="route_report_qor_suggestions_0.rpt"/>
  <File Type="POSTROUTE-PHYSOPT-RQS-RPT" Name="postroute_physopt_report_qor_suggestions_0.rpt"/>
  <FileSet Name="sources" Type="DesignSrcs" RelSrcDir="$PSRCDIR/sources_1" RelGenDir="$PGENDIR/sources_1">
    <Filter Type="Srcs"/>
    <File Path="$PSRCDIR/sources_1/imports/source/ALU.v">
      <FileInfo>
        <Attr Name="ImportPath" Val="//wsl.localhost/Ubuntu-20.04/home/goodkook/ETRI050_DesignKit/devel/Ref_Design/ALU8/source/ALU.v"/>
        <Attr Name="ImportTime" Val="1708824524"/>
        <Attr Name="UsedIn" Val="synthesis"/>
        <Attr Name="UsedIn" Val="implementation"/>
        <Attr Name="UsedIn" Val="simulation"/>
      </FileInfo>
    </File>
    <File Path="$PSRCDIR/sources_1/imports/source/ALU_wrapper.v">
      <FileInfo>
        <Attr Name="ImportPath" Val="//wsl.localhost/Ubuntu-20.04/home/goodkook/ETRI050_DesignKit/devel/Ref_Design/ALU8/source/ALU_wrapper.v"/>
        <Attr Name="ImportTime" Val="1708952430"/>
        <Attr Name="UsedIn" Val="synthesis"/>
        <Attr Name="UsedIn" Val="implementation"/>
        <Attr Name="UsedIn" Val="simulation"/>
      </FileInfo>
    </File>
    <Config>
      <Option Name="DesignMode" Val="RTL"/>
      <Option Name="TopModule" Val="ALU_wrapper"/>
      <Option Name="TopAutoSet" Val="TRUE"/>
    </Config>
  </FileSet>
  <FileSet Name="constrs_in" Type="Constrs" RelSrcDir="$PSRCDIR/constrs_1" RelGenDir="$PGENDIR/constrs_1">
    <Filter Type="Constrs"/>
    <File Path="$PSRCDIR/constrs_1/imports/digilent-xdc-master/Arty-A7-100-Master.xdc">
      <FileInfo>
        <Attr Name="ImportPath" Val="$PPRDIR/../digilent-xdc-master/Arty-A7-100-Master.xdc"/>
        <Attr Name="ImportTime" Val="1713206447"/>
        <Attr Name="UsedIn" Val="synthesis"/>
        <Attr Name="UsedIn" Val="implementation"/>
      </FileInfo>
    </File>
    <Config>
      <Option Name="ConstrsType" Val="XDC"/>
    </Config>
  </FileSet>
  <FileSet Name="utils" Type="Utils" RelSrcDir="$PSRCDIR/utils_1" RelGenDir="$PGENDIR/utils_1">
    <Filter Type="Utils"/>
    <File Path="$PSRCDIR/utils_1/imports/synth_1/ALU_wrapper.dcp">
      <FileInfo>
        <Attr Name="UsedIn" Val="synthesis"/>
        <Attr Name="UsedIn" Val="implementation"/>
        <Attr Name="UsedInSteps" Val="synth_1"/>
        <Attr Name="AutoDcp" Val="1"/>
      </FileInfo>
    </File>
    <Config>
      <Option Name="TopAutoSet" Val="TRUE"/>
    </Config>
  </FileSet>
  <Strategy Version="1" Minor="2">
    <StratHandle Name="Vivado Implementation Defaults" Flow="Vivado Implementation 2023">
      <Desc>Default settings for Implementation.</Desc>
    </StratHandle>
    <Step Id="init_design"/>
    <Step Id="opt_design"/>
    <Step Id="power_opt_design"/>
    <Step Id="place_design"/>
    <Step Id="post_place_power_opt_design"/>
    <Step Id="phys_opt_design"/>
    <Step Id="route_design"/>
    <Step Id="post_route_phys_opt_design"/>
    <Step Id="write_bitstream"/>
  </Strategy>
</GenRun>
